<?xml version='1.0' encoding='UTF-8' ?>
<timeLogEntries>
  <time id="1" path="/No Proyecto/MonitoreoBanco/Planning" start="@1601310752608" delta="31" />
  <time id="2" path="/No Proyecto/MonitoreoBanco/Planning" start="@1601325406646" delta="78" />
  <time id="3" path="/No Proyecto/MonitoreoBanco/Design" start="@1601330123349" delta="29" />
  <time id="4" path="/No Proyecto/MonitoreoBanco/Design" start="@1601394136209" delta="149" />
  <time id="5" path="/No Proyecto/MonitoreoBanco/Code" start="@1601505006656" delta="349" />
  <time id="6" path="/No Proyecto/CRUDOperations/Planning" start="@1603999948577" delta="34" />
  <time id="7" path="/No Proyecto/CRUDOperations/Design" start="@1604359627550" delta="264" />
  <time id="8" path="/No Proyecto/CRUDOperations/Code" start="@1604495757701" delta="78" />
  <time id="9" path="/No Proyecto/CRUDOperations/Code" start="@1604752059255" delta="124" />
  <time id="10" path="/No Proyecto/sismicoEvento/Planning" start="@1613775062432" delta="58" />
  <time id="11" path="/No Proyecto/sismicoEvento/Code" start="@1613917611797" delta="345" />
  <time id="12" path="/No Proyecto/sismicoEvento/Code" start="@1614295858138" delta="194" />
</timeLogEntries>
